colour	x	y	showSelectedlegendcolour	fill
#C49A00	1970	24279	Europe & Central Asia	#C49A00
#C49A00	1971	25560	Europe & Central Asia	#C49A00
#C49A00	1972	26892	Europe & Central Asia	#C49A00
#C49A00	1973	28231	Europe & Central Asia	#C49A00
#C49A00	1974	29514	Europe & Central Asia	#C49A00
#C49A00	1975	30706	Europe & Central Asia	#C49A00
#00C094	1970	231529	Middle East & North Africa	#00C094
#00C094	1971	272211	Middle East & North Africa	#00C094
#00C094	1972	322439	Middle East & North Africa	#00C094
#00C094	1973	382599	Middle East & North Africa	#00C094
#00C094	1974	452848	Middle East & North Africa	#00C094
#00C094	1975	532742	Middle East & North Africa	#00C094
#A58AFF	1970	11015621	South Asia	#A58AFF
#A58AFF	1971	11323446	South Asia	#A58AFF
#A58AFF	1972	11644377	South Asia	#A58AFF
#A58AFF	1973	11966352	South Asia	#A58AFF
#A58AFF	1974	12273589	South Asia	#A58AFF
#A58AFF	1975	12551790	South Asia	#A58AFF
#53B400	1970	65369	Latin America & Caribbean	#53B400
#53B400	1971	66338	Latin America & Caribbean	#53B400
#53B400	1972	67205	Latin America & Caribbean	#53B400
#53B400	1973	67972	Latin America & Caribbean	#53B400
#53B400	1974	68655	Latin America & Caribbean	#53B400
#53B400	1975	69253	Latin America & Caribbean	#53B400
#C49A00	1970	2138966	Europe & Central Asia	#C49A00
#C49A00	1971	2194588	Europe & Central Asia	#C49A00
#C49A00	1972	2251320	Europe & Central Asia	#C49A00
#C49A00	1973	2309029	Europe & Central Asia	#C49A00
#C49A00	1974	2367499	Europe & Central Asia	#C49A00
#C49A00	1975	2426592	Europe & Central Asia	#C49A00
#C49A00	1970	2518408	Europe & Central Asia	#C49A00
#C49A00	1971	2580894	Europe & Central Asia	#C49A00
#C49A00	1972	2643464	Europe & Central Asia	#C49A00
#C49A00	1973	2705584	Europe & Central Asia	#C49A00
#C49A00	1974	2766495	Europe & Central Asia	#C49A00
#C49A00	1975	2825650	Europe & Central Asia	#C49A00
#FB61D7	1970	5928087	Sub-Saharan Africa	#FB61D7
#FB61D7	1971	6049214	Sub-Saharan Africa	#FB61D7
#FB61D7	1972	6180863	Sub-Saharan Africa	#FB61D7
#FB61D7	1973	6323057	Sub-Saharan Africa	#FB61D7
#FB61D7	1974	6475333	Sub-Saharan Africa	#FB61D7
#FB61D7	1975	6637628	Sub-Saharan Africa	#FB61D7
#53B400	1970	23978532	Latin America & Caribbean	#53B400
#53B400	1971	24370660	Latin America & Caribbean	#53B400
#53B400	1972	24785830	Latin America & Caribbean	#53B400
#53B400	1973	25215328	Latin America & Caribbean	#53B400
#53B400	1974	25646533	Latin America & Caribbean	#53B400
#53B400	1975	26070443	Latin America & Caribbean	#53B400
#F8766D	1970	27292	East Asia & Pacific	#F8766D
#F8766D	1971	27916	East Asia & Pacific	#F8766D
#F8766D	1972	28490	East Asia & Pacific	#F8766D
#F8766D	1973	29014	East Asia & Pacific	#F8766D
#F8766D	1974	29491	East Asia & Pacific	#F8766D
#F8766D	1975	29932	East Asia & Pacific	#F8766D
#C49A00	1970	7467086	Europe & Central Asia	#C49A00
#C49A00	1971	7500482	Europe & Central Asia	#C49A00
#C49A00	1972	7544201	Europe & Central Asia	#C49A00
#C49A00	1973	7586115	Europe & Central Asia	#C49A00
#C49A00	1974	7599038	Europe & Central Asia	#C49A00
#C49A00	1975	7578903	Europe & Central Asia	#C49A00
#F8766D	1970	12507000	East Asia & Pacific	#F8766D
#F8766D	1971	12937000	East Asia & Pacific	#F8766D
#F8766D	1972	13177000	East Asia & Pacific	#F8766D
#F8766D	1973	13380000	East Asia & Pacific	#F8766D
#F8766D	1974	13723000	East Asia & Pacific	#F8766D
#F8766D	1975	13893000	East Asia & Pacific	#F8766D
#53B400	1970	59065	Latin America & Caribbean	#53B400
#53B400	1971	59438	Latin America & Caribbean	#53B400
#53B400	1972	59849	Latin America & Caribbean	#53B400
#53B400	1973	60239	Latin America & Caribbean	#53B400
#53B400	1974	60525	Latin America & Caribbean	#53B400
#53B400	1975	60655	Latin America & Caribbean	#53B400
#C49A00	1970	5178160	Europe & Central Asia	#C49A00
#C49A00	1971	5287272	Europe & Central Asia	#C49A00
#C49A00	1972	5393176	Europe & Central Asia	#C49A00
#C49A00	1973	5496061	Europe & Central Asia	#C49A00
#C49A00	1974	5596160	Europe & Central Asia	#C49A00
#C49A00	1975	5693796	Europe & Central Asia	#C49A00
#C49A00	1970	3719459	Europe & Central Asia	#C49A00
#C49A00	1971	3757982	Europe & Central Asia	#C49A00
#C49A00	1972	3799098	Europe & Central Asia	#C49A00
#C49A00	1973	3841440	Europe & Central Asia	#C49A00
#C49A00	1974	3882935	Europe & Central Asia	#C49A00
#C49A00	1975	3922171	Europe & Central Asia	#C49A00
#53B400	1970	238616	Latin America & Caribbean	#53B400
#53B400	1971	239864	Latin America & Caribbean	#53B400
#53B400	1972	241367	Latin America & Caribbean	#53B400
#53B400	1973	242971	Latin America & Caribbean	#53B400
#53B400	1974	244453	Latin America & Caribbean	#53B400
#53B400	1975	245663	Latin America & Caribbean	#53B400
#A58AFF	1970	66308862	South Asia	#A58AFF
#A58AFF	1971	67627868	South Asia	#A58AFF
#A58AFF	1972	68730070	South Asia	#A58AFF
#A58AFF	1973	69751017	South Asia	#A58AFF
#A58AFF	1974	70883201	South Asia	#A58AFF
#A58AFF	1975	72265173	South Asia	#A58AFF
#C49A00	1970	9655549	Europe & Central Asia	#C49A00
#C49A00	1971	9673162	Europe & Central Asia	#C49A00
#C49A00	1972	9711115	Europe & Central Asia	#C49A00
#C49A00	1973	9741720	Europe & Central Asia	#C49A00
#C49A00	1974	9772419	Europe & Central Asia	#C49A00
#C49A00	1975	9800700	Europe & Central Asia	#C49A00
#FB61D7	1970	5624597	Sub-Saharan Africa	#FB61D7
#FB61D7	1971	5723379	Sub-Saharan Africa	#FB61D7
#FB61D7	1972	5825171	Sub-Saharan Africa	#FB61D7
#FB61D7	1973	5930487	Sub-Saharan Africa	#FB61D7
#FB61D7	1974	6040044	Sub-Saharan Africa	#FB61D7
#FB61D7	1975	6154548	Sub-Saharan Africa	#FB61D7
#C49A00	1970	8489574	Europe & Central Asia	#C49A00
#C49A00	1971	8536395	Europe & Central Asia	#C49A00
#C49A00	1972	8576200	Europe & Central Asia	#C49A00
#C49A00	1973	8620967	Europe & Central Asia	#C49A00
#C49A00	1974	8678745	Europe & Central Asia	#C49A00
#C49A00	1975	8720742	Europe & Central Asia	#C49A00
#00C094	1970	213102	Middle East & North Africa	#00C094
#00C094	1971	220808	Middle East & North Africa	#00C094
#00C094	1972	229588	Middle East & North Africa	#00C094
#00C094	1973	239860	Middle East & North Africa	#00C094
#00C094	1974	252139	Middle East & North Africa	#00C094
#00C094	1975	266686	Middle East & North Africa	#00C094
#FB61D7	1970	3457113	Sub-Saharan Africa	#FB61D7
#FB61D7	1971	3507593	Sub-Saharan Africa	#FB61D7
#FB61D7	1972	3547335	Sub-Saharan Africa	#FB61D7
#FB61D7	1973	3582950	Sub-Saharan Africa	#FB61D7
#FB61D7	1974	3623852	Sub-Saharan Africa	#FB61D7
#FB61D7	1975	3676991	Sub-Saharan Africa	#FB61D7
#FB61D7	1970	2907769	Sub-Saharan Africa	#FB61D7
#FB61D7	1971	2971941	Sub-Saharan Africa	#FB61D7
#FB61D7	1972	3039300	Sub-Saharan Africa	#FB61D7
#FB61D7	1973	3110074	Sub-Saharan Africa	#FB61D7
#FB61D7	1974	3184547	Sub-Saharan Africa	#FB61D7
#FB61D7	1975	3262959	Sub-Saharan Africa	#FB61D7
#00B6EB	1970	55000	North America	#00B6EB
#00B6EB	1971	54600	North America	#00B6EB
#00B6EB	1972	54200	North America	#00B6EB
#00B6EB	1973	53800	North America	#00B6EB
#00B6EB	1974	53400	North America	#00B6EB
#00B6EB	1975	53000	North America	#00B6EB
#F8766D	1970	129719	East Asia & Pacific	#F8766D
#F8766D	1971	135707	East Asia & Pacific	#F8766D
#F8766D	1972	141827	East Asia & Pacific	#F8766D
#F8766D	1973	148058	East Asia & Pacific	#F8766D
#F8766D	1974	154387	East Asia & Pacific	#F8766D
#F8766D	1975	160791	East Asia & Pacific	#F8766D
#53B400	1970	4217248	Latin America & Caribbean	#53B400
#53B400	1971	4321324	Latin America & Caribbean	#53B400
#53B400	1972	4429194	Latin America & Caribbean	#53B400
#53B400	1973	4540197	Latin America & Caribbean	#53B400
#53B400	1974	4653409	Latin America & Caribbean	#53B400
#53B400	1975	4768177	Latin America & Caribbean	#53B400
#53B400	1970	96060361	Latin America & Caribbean	#53B400
#53B400	1971	98427874	Latin America & Caribbean	#53B400
#53B400	1972	100812672	Latin America & Caribbean	#53B400
#53B400	1973	103228641	Latin America & Caribbean	#53B400
#53B400	1974	105693434	Latin America & Caribbean	#53B400
#53B400	1975	108219657	Latin America & Caribbean	#53B400
#53B400	1970	169356	Latin America & Caribbean	#53B400
#53B400	1971	173867	Latin America & Caribbean	#53B400
#53B400	1972	177844	Latin America & Caribbean	#53B400
#53B400	1973	181489	Latin America & Caribbean	#53B400
#53B400	1974	185097	Latin America & Caribbean	#53B400
#53B400	1975	188882	Latin America & Caribbean	#53B400
#A58AFF	1970	291555	South Asia	#A58AFF
#A58AFF	1971	301758	South Asia	#A58AFF
#A58AFF	1972	312823	South Asia	#A58AFF
#A58AFF	1973	324583	South Asia	#A58AFF
#A58AFF	1974	336802	South Asia	#A58AFF
#A58AFF	1975	349280	South Asia	#A58AFF
#FB61D7	1970	693176	Sub-Saharan Africa	#FB61D7
#FB61D7	1971	716052	Sub-Saharan Africa	#FB61D7
#FB61D7	1972	740118	Sub-Saharan Africa	#FB61D7
#FB61D7	1973	765685	Sub-Saharan Africa	#FB61D7
#FB61D7	1974	793164	Sub-Saharan Africa	#FB61D7
#FB61D7	1975	822806	Sub-Saharan Africa	#FB61D7
#C49A00	1970	9040000	Europe & Central Asia	#C49A00
#C49A00	1971	9115576	Europe & Central Asia	#C49A00
#C49A00	1972	9188968	Europe & Central Asia	#C49A00
#C49A00	1973	9257272	Europe & Central Asia	#C49A00
#C49A00	1974	9317584	Europe & Central Asia	#C49A00
#C49A00	1975	9367000	Europe & Central Asia	#C49A00
#53B400	1970	122179	Latin America & Caribbean	#53B400
#53B400	1971	124792	Latin America & Caribbean	#53B400
#53B400	1972	127148	Latin America & Caribbean	#53B400
#53B400	1973	129294	Latin America & Caribbean	#53B400
#53B400	1974	131306	Latin America & Caribbean	#53B400
#53B400	1975	133261	Latin America & Caribbean	#53B400
#00B6EB	1970	21324000	North America	#00B6EB
#00B6EB	1971	21645535.1670506	North America	#00B6EB
#00B6EB	1972	21993630.7937617	North America	#00B6EB
#00B6EB	1973	22369407.5086437	North America	#00B6EB
#00B6EB	1974	22774087.2759336	North America	#00B6EB
#00B6EB	1975	23209000	North America	#00B6EB
#FB61D7	1970	20009902	Sub-Saharan Africa	#FB61D7
#FB61D7	1971	20563258	Sub-Saharan Africa	#FB61D7
#FB61D7	1972	21121467	Sub-Saharan Africa	#FB61D7
#FB61D7	1973	21691346	Sub-Saharan Africa	#FB61D7
#FB61D7	1974	22282713	Sub-Saharan Africa	#FB61D7
#FB61D7	1975	22902275	Sub-Saharan Africa	#FB61D7
#FB61D7	1970	1828710	Sub-Saharan Africa	#FB61D7
#FB61D7	1971	1864745	Sub-Saharan Africa	#FB61D7
#FB61D7	1972	1900665	Sub-Saharan Africa	#FB61D7
#FB61D7	1973	1937323	Sub-Saharan Africa	#FB61D7
#FB61D7	1974	1975917	Sub-Saharan Africa	#FB61D7
#FB61D7	1975	2017379	Sub-Saharan Africa	#FB61D7
#FB61D7	1970	1335090	Sub-Saharan Africa	#FB61D7
#FB61D7	1971	1375876	Sub-Saharan Africa	#FB61D7
#FB61D7	1972	1418556	Sub-Saharan Africa	#FB61D7
#FB61D7	1973	1462767	Sub-Saharan Africa	#FB61D7
#FB61D7	1974	1508000	Sub-Saharan Africa	#FB61D7
#FB61D7	1975	1553903	Sub-Saharan Africa	#FB61D7
#C49A00	1970	6180877	Europe & Central Asia	#C49A00
#C49A00	1971	6213399	Europe & Central Asia	#C49A00
#C49A00	1972	6260956	Europe & Central Asia	#C49A00
#C49A00	1973	6307347	Europe & Central Asia	#C49A00
#C49A00	1974	6341405	Europe & Central Asia	#C49A00
#C49A00	1975	6338632	Europe & Central Asia	#C49A00
#FB61D7	1970	5241914	Sub-Saharan Africa	#FB61D7
#FB61D7	1971	5487594	Sub-Saharan Africa	#FB61D7
#FB61D7	1972	5747633	Sub-Saharan Africa	#FB61D7
#FB61D7	1973	6021405	Sub-Saharan Africa	#FB61D7
#FB61D7	1974	6307936	Sub-Saharan Africa	#FB61D7
#FB61D7	1975	6606395	Sub-Saharan Africa	#FB61D7
#53B400	1970	9578923	Latin America & Caribbean	#53B400
#53B400	1971	9755352	Latin America & Caribbean	#53B400
#53B400	1972	9929560	Latin America & Caribbean	#53B400
#53B400	1973	10100403	Latin America & Caribbean	#53B400
#53B400	1974	10266278	Latin America & Caribbean	#53B400
#53B400	1975	10426432	Latin America & Caribbean	#53B400
#FB61D7	1970	6770967	Sub-Saharan Africa	#FB61D7
#FB61D7	1971	6948847	Sub-Saharan Africa	#FB61D7
#FB61D7	1972	7134374	Sub-Saharan Africa	#FB61D7
#FB61D7	1973	7327874	Sub-Saharan Africa	#FB61D7
#FB61D7	1974	7529704	Sub-Saharan Africa	#FB61D7
#FB61D7	1975	7740196	Sub-Saharan Africa	#FB61D7
#F8766D	1970	818315000	East Asia & Pacific	#F8766D
#F8766D	1971	841105000	East Asia & Pacific	#F8766D
#F8766D	1972	862030000	East Asia & Pacific	#F8766D
#F8766D	1973	881940000	East Asia & Pacific	#F8766D
#F8766D	1974	900350000	East Asia & Pacific	#F8766D
#F8766D	1975	916395000	East Asia & Pacific	#F8766D
#53B400	1970	21344781	Latin America & Caribbean	#53B400
#53B400	1971	21880185	Latin America & Caribbean	#53B400
#53B400	1972	22404289	Latin America & Caribbean	#53B400
#53B400	1973	22924755	Latin America & Caribbean	#53B400
#53B400	1974	23452703	Latin America & Caribbean	#53B400
#53B400	1975	23996249	Latin America & Caribbean	#53B400
#53B400	1970	1822106	Latin America & Caribbean	#53B400
#53B400	1971	1867044	Latin America & Caribbean	#53B400
#53B400	1972	1911212	Latin America & Caribbean	#53B400
#53B400	1973	1955790	Latin America & Caribbean	#53B400
#53B400	1974	2002358	Latin America & Caribbean	#53B400
#53B400	1975	2052076	Latin America & Caribbean	#53B400
#53B400	1970	8715054	Latin America & Caribbean	#53B400
#53B400	1971	8869924	Latin America & Caribbean	#53B400
#53B400	1972	9025344	Latin America & Caribbean	#53B400
#53B400	1973	9176167	Latin America & Caribbean	#53B400
#53B400	1974	9315458	Latin America & Caribbean	#53B400
#53B400	1975	9438366	Latin America & Caribbean	#53B400
#FB61D7	1970	275426	Sub-Saharan Africa	#FB61D7
#FB61D7	1971	283990	Sub-Saharan Africa	#FB61D7
#FB61D7	1972	293218	Sub-Saharan Africa	#FB61D7
#FB61D7	1973	301968	Sub-Saharan Africa	#FB61D7
#FB61D7	1974	308699	Sub-Saharan Africa	#FB61D7
#FB61D7	1975	312413	Sub-Saharan Africa	#FB61D7
#C49A00	1970	613619	Europe & Central Asia	#C49A00
#C49A00	1971	620860	Europe & Central Asia	#C49A00
#C49A00	1972	628000	Europe & Central Asia	#C49A00
#C49A00	1973	635109	Europe & Central Asia	#C49A00
#C49A00	1974	642335	Europe & Central Asia	#C49A00
#C49A00	1975	649755	Europe & Central Asia	#C49A00
#C49A00	1970	9858071	Europe & Central Asia	#C49A00
#C49A00	1971	9826815	Europe & Central Asia	#C49A00
#C49A00	1972	9867632	Europe & Central Asia	#C49A00
#C49A00	1973	9922266	Europe & Central Asia	#C49A00
#C49A00	1974	9988459	Europe & Central Asia	#C49A00
#C49A00	1975	10058620	Europe & Central Asia	#C49A00
#C49A00	1970	78169289	Europe & Central Asia	#C49A00
#C49A00	1971	78312842	Europe & Central Asia	#C49A00
#C49A00	1972	78688452	Europe & Central Asia	#C49A00
#C49A00	1973	78936666	Europe & Central Asia	#C49A00
#C49A00	1974	78967433	Europe & Central Asia	#C49A00
#C49A00	1975	78673554	Europe & Central Asia	#C49A00
#00C094	1970	159667	Middle East & North Africa	#00C094
#00C094	1971	169374	Middle East & North Africa	#00C094
#00C094	1972	179224	Middle East & North Africa	#00C094
#00C094	1973	190560	Middle East & North Africa	#00C094
#00C094	1974	205197	Middle East & North Africa	#00C094
#00C094	1975	224244	Middle East & North Africa	#00C094
#C49A00	1970	4928757	Europe & Central Asia	#C49A00
#C49A00	1971	4963126	Europe & Central Asia	#C49A00
#C49A00	1972	4991596	Europe & Central Asia	#C49A00
#C49A00	1973	5021861	Europe & Central Asia	#C49A00
#C49A00	1974	5045297	Europe & Central Asia	#C49A00
#C49A00	1975	5059862	Europe & Central Asia	#C49A00
#53B400	1970	71076	Latin America & Caribbean	#53B400
#53B400	1971	71566	Latin America & Caribbean	#53B400
#53B400	1972	71737	Latin America & Caribbean	#53B400
#53B400	1973	71745	Latin America & Caribbean	#53B400
#53B400	1974	71811	Latin America & Caribbean	#53B400
#53B400	1975	72091	Latin America & Caribbean	#53B400
#53B400	1970	4523917	Latin America & Caribbean	#53B400
#53B400	1971	4651703	Latin America & Caribbean	#53B400
#53B400	1972	4780283	Latin America & Caribbean	#53B400
#53B400	1973	4909454	Latin America & Caribbean	#53B400
#53B400	1974	5038976	Latin America & Caribbean	#53B400
#53B400	1975	5168720	Latin America & Caribbean	#53B400
#00C094	1970	14690855	Middle East & North Africa	#00C094
#00C094	1971	15098212	Middle East & North Africa	#00C094
#00C094	1972	15511892	Middle East & North Africa	#00C094
#00C094	1973	15935594	Middle East & North Africa	#00C094
#00C094	1974	16374671	Middle East & North Africa	#00C094
#00C094	1975	16833516	Middle East & North Africa	#00C094
#53B400	1970	6024764	Latin America & Caribbean	#53B400
#53B400	1971	6198787	Latin America & Caribbean	#53B400
#53B400	1972	6376333	Latin America & Caribbean	#53B400
#53B400	1973	6557257	Latin America & Caribbean	#53B400
#53B400	1974	6741417	Latin America & Caribbean	#53B400
#53B400	1975	6928694	Latin America & Caribbean	#53B400
#C49A00	1970	1362295	Europe & Central Asia	#C49A00
#C49A00	1971	1376955	Europe & Central Asia	#C49A00
#C49A00	1972	1392518	Europe & Central Asia	#C49A00
#C49A00	1973	1405951	Europe & Central Asia	#C49A00
#C49A00	1974	1418169	Europe & Central Asia	#C49A00
#C49A00	1975	1429352	Europe & Central Asia	#C49A00
#00C094	1970	36342268	Middle East & North Africa	#00C094
#00C094	1971	37152209	Middle East & North Africa	#00C094
#00C094	1972	37945429	Middle East & North Africa	#00C094
#00C094	1973	38733784	Middle East & North Africa	#00C094
#00C094	1974	39533995	Middle East & North Africa	#00C094
#00C094	1975	40359038	Middle East & North Africa	#00C094
#FB61D7	1970	1796912	Sub-Saharan Africa	#FB61D7
#FB61D7	1971	1843624	Sub-Saharan Africa	#FB61D7
#FB61D7	1972	1891998	Sub-Saharan Africa	#FB61D7
#FB61D7	1973	1942922	Sub-Saharan Africa	#FB61D7
#FB61D7	1974	1997553	Sub-Saharan Africa	#FB61D7
#FB61D7	1975	2056693	Sub-Saharan Africa	#FB61D7
#C49A00	1970	33814531	Europe & Central Asia	#C49A00
#C49A00	1971	34191678	Europe & Central Asia	#C49A00
#C49A00	1972	34502705	Europe & Central Asia	#C49A00
#C49A00	1973	34817071	Europe & Central Asia	#C49A00
#C49A00	1974	35154338	Europe & Central Asia	#C49A00
#C49A00	1975	35530725	Europe & Central Asia	#C49A00
#FB61D7	1970	28414999	Sub-Saharan Africa	#FB61D7
#FB61D7	1971	29246389	Sub-Saharan Africa	#FB61D7
#FB61D7	1972	30135531	Sub-Saharan Africa	#FB61D7
#FB61D7	1973	31029594	Sub-Saharan Africa	#FB61D7
#FB61D7	1974	31856458	Sub-Saharan Africa	#FB61D7
#FB61D7	1975	32569908	Sub-Saharan Africa	#FB61D7
#C49A00	1970	4606307	Europe & Central Asia	#C49A00
#C49A00	1971	4612124	Europe & Central Asia	#C49A00
#C49A00	1972	4639657	Europe & Central Asia	#C49A00
#C49A00	1973	4666081	Europe & Central Asia	#C49A00
#C49A00	1974	4690574	Europe & Central Asia	#C49A00
#C49A00	1975	4711440	Europe & Central Asia	#C49A00
#F8766D	1970	520529	East Asia & Pacific	#F8766D
#F8766D	1971	531601	East Asia & Pacific	#F8766D
#F8766D	1972	542811	East Asia & Pacific	#F8766D
#F8766D	1973	554109	East Asia & Pacific	#F8766D
#F8766D	1974	565386	East Asia & Pacific	#F8766D
#F8766D	1975	576592	East Asia & Pacific	#F8766D
#F8766D	1970	61433	East Asia & Pacific	#F8766D
#F8766D	1971	62107	East Asia & Pacific	#F8766D
#F8766D	1972	62298	East Asia & Pacific	#F8766D
#F8766D	1973	62289	East Asia & Pacific	#F8766D
#F8766D	1974	62477	East Asia & Pacific	#F8766D
#F8766D	1975	63146	East Asia & Pacific	#F8766D
#C49A00	1970	38587	Europe & Central Asia	#C49A00
#C49A00	1971	38983	Europe & Central Asia	#C49A00
#C49A00	1972	39360	Europe & Central Asia	#C49A00
#C49A00	1973	39731	Europe & Central Asia	#C49A00
#C49A00	1974	40116	Europe & Central Asia	#C49A00
#C49A00	1975	40529	Europe & Central Asia	#C49A00
#C49A00	1970	51895793	Europe & Central Asia	#C49A00
#C49A00	1971	52320049	Europe & Central Asia	#C49A00
#C49A00	1972	52776806	Europe & Central Asia	#C49A00
#C49A00	1973	53239101	Europe & Central Asia	#C49A00
#C49A00	1974	53666947	Europe & Central Asia	#C49A00
#C49A00	1975	54033095	Europe & Central Asia	#C49A00
#FB61D7	1970	589165	Sub-Saharan Africa	#FB61D7
#FB61D7	1971	600692	Sub-Saharan Africa	#FB61D7
#FB61D7	1972	611990	Sub-Saharan Africa	#FB61D7
#FB61D7	1973	623375	Sub-Saharan Africa	#FB61D7
#FB61D7	1974	635318	Sub-Saharan Africa	#FB61D7
#FB61D7	1975	648174	Sub-Saharan Africa	#FB61D7
#C49A00	1970	55663250	Europe & Central Asia	#C49A00
#C49A00	1971	55896223	Europe & Central Asia	#C49A00
#C49A00	1972	56086065	Europe & Central Asia	#C49A00
#C49A00	1973	56194527	Europe & Central Asia	#C49A00
#C49A00	1974	56229974	Europe & Central Asia	#C49A00
#C49A00	1975	56225800	Europe & Central Asia	#C49A00
#53B400	1970	94430	Latin America & Caribbean	#53B400
#53B400	1971	94180	Latin America & Caribbean	#53B400
#53B400	1972	93937	Latin America & Caribbean	#53B400
#53B400	1973	93629	Latin America & Caribbean	#53B400
#53B400	1974	93151	Latin America & Caribbean	#53B400
#53B400	1975	92453	Latin America & Caribbean	#53B400
#C49A00	1970	3967800	Europe & Central Asia	#C49A00
#C49A00	1971	4009400	Europe & Central Asia	#C49A00
#C49A00	1972	4205300	Europe & Central Asia	#C49A00
#C49A00	1973	4242500	Europe & Central Asia	#C49A00
#C49A00	1974	4279500	Europe & Central Asia	#C49A00
#C49A00	1975	4311200	Europe & Central Asia	#C49A00
#FB61D7	1970	8597133	Sub-Saharan Africa	#FB61D7
#FB61D7	1971	8827429	Sub-Saharan Africa	#FB61D7
#FB61D7	1972	9083737	Sub-Saharan Africa	#FB61D7
#FB61D7	1973	9350286	Sub-Saharan Africa	#FB61D7
#FB61D7	1974	9604475	Sub-Saharan Africa	#FB61D7
#FB61D7	1975	9831636	Sub-Saharan Africa	#FB61D7
#C49A00	1970	46400	Europe & Central Asia	#C49A00
#C49A00	1971	47200	Europe & Central Asia	#C49A00
#C49A00	1972	48300	Europe & Central Asia	#C49A00
#C49A00	1973	49000	Europe & Central Asia	#C49A00
#C49A00	1974	49500	Europe & Central Asia	#C49A00
#C49A00	1975	49600	Europe & Central Asia	#C49A00
#FB61D7	1970	447283	Sub-Saharan Africa	#FB61D7
#FB61D7	1971	460193	Sub-Saharan Africa	#FB61D7
#FB61D7	1972	474538	Sub-Saharan Africa	#FB61D7
#FB61D7	1973	489860	Sub-Saharan Africa	#FB61D7
#FB61D7	1974	505512	Sub-Saharan Africa	#FB61D7
#FB61D7	1975	521070	Sub-Saharan Africa	#FB61D7
#FB61D7	1970	4209201	Sub-Saharan Africa	#FB61D7
#FB61D7	1971	4252126	Sub-Saharan Africa	#FB61D7
#FB61D7	1972	4285526	Sub-Saharan Africa	#FB61D7
#FB61D7	1973	4311157	Sub-Saharan Africa	#FB61D7
#FB61D7	1974	4331801	Sub-Saharan Africa	#FB61D7
#FB61D7	1975	4350256	Sub-Saharan Africa	#FB61D7
#FB61D7	1970	290905	Sub-Saharan Africa	#FB61D7
#FB61D7	1971	284911	Sub-Saharan Africa	#FB61D7
#FB61D7	1972	274892	Sub-Saharan Africa	#FB61D7
#FB61D7	1973	262376	Sub-Saharan Africa	#FB61D7
#FB61D7	1974	249567	Sub-Saharan Africa	#FB61D7
#FB61D7	1975	238237	Sub-Saharan Africa	#FB61D7
#C49A00	1970	8792806	Europe & Central Asia	#C49A00
#C49A00	1971	8831036	Europe & Central Asia	#C49A00
#C49A00	1972	8888628	Europe & Central Asia	#C49A00
#C49A00	1973	8929086	Europe & Central Asia	#C49A00
#C49A00	1974	8962022	Europe & Central Asia	#C49A00
#C49A00	1975	9046541	Europe & Central Asia	#C49A00
#53B400	1970	5415616	Latin America & Caribbean	#53B400
#53B400	1971	5565101	Latin America & Caribbean	#53B400
#53B400	1972	5719315	Latin America & Caribbean	#53B400
#53B400	1973	5876798	Latin America & Caribbean	#53B400
#53B400	1974	6035549	Latin America & Caribbean	#53B400
#53B400	1975	6194218	Latin America & Caribbean	#53B400
#F8766D	1970	83880	East Asia & Pacific	#F8766D
#F8766D	1971	85728	East Asia & Pacific	#F8766D
#F8766D	1972	87585	East Asia & Pacific	#F8766D
#F8766D	1973	89463	East Asia & Pacific	#F8766D
#F8766D	1974	91381	East Asia & Pacific	#F8766D
#F8766D	1975	93354	East Asia & Pacific	#F8766D
#FB61D7	1970	682966	Sub-Saharan Africa	#FB61D7
#FB61D7	1971	698632	Sub-Saharan Africa	#FB61D7
#FB61D7	1972	718837	Sub-Saharan Africa	#FB61D7
#FB61D7	1973	741030	Sub-Saharan Africa	#FB61D7
#FB61D7	1974	761613	Sub-Saharan Africa	#FB61D7
#FB61D7	1975	778096	Sub-Saharan Africa	#FB61D7
#53B400	1970	720816	Latin America & Caribbean	#53B400
#53B400	1971	729872	Latin America & Caribbean	#53B400
#53B400	1972	735896	Latin America & Caribbean	#53B400
#53B400	1973	740041	Latin America & Caribbean	#53B400
#53B400	1974	743984	Latin America & Caribbean	#53B400
#53B400	1975	748877	Latin America & Caribbean	#53B400
#F8766D	1970	3959000	East Asia & Pacific	#F8766D
#F8766D	1971	4045300	East Asia & Pacific	#F8766D
#F8766D	1972	4123600	East Asia & Pacific	#F8766D
#F8766D	1973	4241600	East Asia & Pacific	#F8766D
#F8766D	1974	4334200	East Asia & Pacific	#F8766D
#F8766D	1975	4461600	East Asia & Pacific	#F8766D
#53B400	1970	2691309	Latin America & Caribbean	#53B400
#53B400	1971	2766445	Latin America & Caribbean	#53B400
#53B400	1972	2845261	Latin America & Caribbean	#53B400
#53B400	1973	2928191	Latin America & Caribbean	#53B400
#53B400	1974	3015607	Latin America & Caribbean	#53B400
#53B400	1975	3107735	Latin America & Caribbean	#53B400
#C49A00	1970	4411000	Europe & Central Asia	#C49A00
#C49A00	1971	4435000	Europe & Central Asia	#C49A00
#C49A00	1972	4457000	Europe & Central Asia	#C49A00
#C49A00	1973	4478000	Europe & Central Asia	#C49A00
#C49A00	1974	4497000	Europe & Central Asia	#C49A00
#C49A00	1975	4514000	Europe & Central Asia	#C49A00
#53B400	1970	4713134	Latin America & Caribbean	#53B400
#53B400	1971	4797534	Latin America & Caribbean	#53B400
#53B400	1972	4880740	Latin America & Caribbean	#53B400
#53B400	1973	4964593	Latin America & Caribbean	#53B400
#53B400	1974	5051633	Latin America & Caribbean	#53B400
#53B400	1975	5143815	Latin America & Caribbean	#53B400
#C49A00	1970	10337910	Europe & Central Asia	#C49A00
#C49A00	1971	10367537	Europe & Central Asia	#C49A00
#C49A00	1972	10398489	Europe & Central Asia	#C49A00
#C49A00	1973	10432055	Europe & Central Asia	#C49A00
#C49A00	1974	10478720	Europe & Central Asia	#C49A00
#C49A00	1975	10540525	Europe & Central Asia	#C49A00
#F8766D	1970	114066887	East Asia & Pacific	#F8766D
#F8766D	1971	116996006	East Asia & Pacific	#F8766D
#F8766D	1972	119974444	East Asia & Pacific	#F8766D
#F8766D	1973	123002081	East Asia & Pacific	#F8766D
#F8766D	1974	126080548	East Asia & Pacific	#F8766D
#F8766D	1975	129210098	East Asia & Pacific	#F8766D
#C49A00	1970	2957250	Europe & Central Asia	#C49A00
#C49A00	1971	2992050	Europe & Central Asia	#C49A00
#C49A00	1972	3036850	Europe & Central Asia	#C49A00
#C49A00	1973	3085950	Europe & Central Asia	#C49A00
#C49A00	1974	3137500	Europe & Central Asia	#C49A00
#C49A00	1975	3189550	Europe & Central Asia	#C49A00
#00C094	1970	2974000	Middle East & North Africa	#00C094
#00C094	1971	3069000	Middle East & North Africa	#00C094
#00C094	1972	3148000	Middle East & North Africa	#00C094
#00C094	1973	3278000	Middle East & North Africa	#00C094
#00C094	1974	3377000	Middle East & North Africa	#00C094
#00C094	1975	3455000	Middle East & North Africa	#00C094
#C49A00	1970	56712	Europe & Central Asia	#C49A00
#C49A00	1971	57711	Europe & Central Asia	#C49A00
#C49A00	1972	58563	Europe & Central Asia	#C49A00
#C49A00	1973	59326	Europe & Central Asia	#C49A00
#C49A00	1974	60098	Europe & Central Asia	#C49A00
#C49A00	1975	60941	Europe & Central Asia	#C49A00
#A58AFF	1970	555199768	South Asia	#A58AFF
#A58AFF	1971	567805061	South Asia	#A58AFF
#A58AFF	1972	580798773	South Asia	#A58AFF
#A58AFF	1973	594192969	South Asia	#A58AFF
#A58AFF	1974	608002572	South Asia	#A58AFF
#A58AFF	1975	622232355	South Asia	#A58AFF
#00C094	1970	9917982	Middle East & North Africa	#00C094
#00C094	1971	10255904	Middle East & North Africa	#00C094
#00C094	1972	10599846	Middle East & North Africa	#00C094
#00C094	1973	10951169	Middle East & North Africa	#00C094
#00C094	1974	11312304	Middle East & North Africa	#00C094
#00C094	1975	11684585	Middle East & North Africa	#00C094
#00C094	1970	28606584	Middle East & North Africa	#00C094
#00C094	1971	29381955	Middle East & North Africa	#00C094
#00C094	1972	30184173	Middle East & North Africa	#00C094
#00C094	1973	31024743	Middle East & North Africa	#00C094
#00C094	1974	31918360	Middle East & North Africa	#00C094
#00C094	1975	32877678	Middle East & North Africa	#00C094
#C49A00	1970	204438	Europe & Central Asia	#C49A00
#C49A00	1971	206098	Europe & Central Asia	#C49A00
#C49A00	1972	209137	Europe & Central Asia	#C49A00
#C49A00	1973	212317	Europe & Central Asia	#C49A00
#C49A00	1974	215209	Europe & Central Asia	#C49A00
#C49A00	1975	217979	Europe & Central Asia	#C49A00
#C49A00	1970	53821850	Europe & Central Asia	#C49A00
#C49A00	1971	54073490	Europe & Central Asia	#C49A00
#C49A00	1972	54381345	Europe & Central Asia	#C49A00
#C49A00	1973	54751406	Europe & Central Asia	#C49A00
#C49A00	1974	55110868	Europe & Central Asia	#C49A00
#C49A00	1975	55441001	Europe & Central Asia	#C49A00
#C49A00	1970	121196	Europe & Central Asia	#C49A00
#C49A00	1971	122413	Europe & Central Asia	#C49A00
#C49A00	1972	123611	Europe & Central Asia	#C49A00
#C49A00	1973	124728	Europe & Central Asia	#C49A00
#C49A00	1974	125680	Europe & Central Asia	#C49A00
#C49A00	1975	126417	Europe & Central Asia	#C49A00
#53B400	1970	1869000	Latin America & Caribbean	#53B400
#53B400	1971	1895628.96	Latin America & Caribbean	#53B400
#53B400	1972	1925162.4	Latin America & Caribbean	#53B400
#53B400	1973	1956079.84	Latin America & Caribbean	#53B400
#53B400	1974	1985852.48	Latin America & Caribbean	#53B400
#53B400	1975	2013000	Latin America & Caribbean	#53B400
#00C094	1970	1508000	Middle East & North Africa	#00C094
#00C094	1971	1573846.4	Middle East & North Africa	#00C094
#00C094	1972	1633558.4	Middle East & North Africa	#00C094
#00C094	1973	1689934.4	Middle East & North Africa	#00C094
#00C094	1974	1747710.4	Middle East & North Africa	#00C094
#00C094	1975	1810000	Middle East & North Africa	#00C094
#F8766D	1970	104345000	East Asia & Pacific	#F8766D
#F8766D	1971	105697000	East Asia & Pacific	#F8766D
#F8766D	1972	107188000	East Asia & Pacific	#F8766D
#F8766D	1973	108079000	East Asia & Pacific	#F8766D
#F8766D	1974	110162000	East Asia & Pacific	#F8766D
#F8766D	1975	111940000	East Asia & Pacific	#F8766D
#FB61D7	1970	11252466	Sub-Saharan Africa	#FB61D7
#FB61D7	1971	11657477	Sub-Saharan Africa	#FB61D7
#FB61D7	1972	12083159	Sub-Saharan Africa	#FB61D7
#FB61D7	1973	12529800	Sub-Saharan Africa	#FB61D7
#FB61D7	1974	12997438	Sub-Saharan Africa	#FB61D7
#FB61D7	1975	13486241	Sub-Saharan Africa	#FB61D7
#C49A00	1970	2959900	Europe & Central Asia	#C49A00
#C49A00	1971	3022300	Europe & Central Asia	#C49A00
#C49A00	1972	3088200	Europe & Central Asia	#C49A00
#C49A00	1973	3153800	Europe & Central Asia	#C49A00
#C49A00	1974	3223900	Europe & Central Asia	#C49A00
#C49A00	1975	3292400	Europe & Central Asia	#C49A00
#F8766D	1970	7021559	East Asia & Pacific	#F8766D
#F8766D	1971	7168725	East Asia & Pacific	#F8766D
#F8766D	1972	7334436	East Asia & Pacific	#F8766D
#F8766D	1973	7483408	East Asia & Pacific	#F8766D
#F8766D	1974	7567314	East Asia & Pacific	#F8766D
#F8766D	1975	7555928	East Asia & Pacific	#F8766D
#F8766D	1970	43860	East Asia & Pacific	#F8766D
#F8766D	1971	44843	East Asia & Pacific	#F8766D
#F8766D	1972	45731	East Asia & Pacific	#F8766D
#F8766D	1973	46573	East Asia & Pacific	#F8766D
#F8766D	1974	47446	East Asia & Pacific	#F8766D
#F8766D	1975	48404	East Asia & Pacific	#F8766D
#FB61D7	1970	232000	Sub-Saharan Africa	#FB61D7
#FB61D7	1971	236885	Sub-Saharan Africa	#FB61D7
#FB61D7	1972	241769	Sub-Saharan Africa	#FB61D7
#FB61D7	1973	247059	Sub-Saharan Africa	#FB61D7
#FB61D7	1974	253302	Sub-Saharan Africa	#FB61D7
#FB61D7	1975	260863	Sub-Saharan Africa	#FB61D7
#53B400	1970	44882	Latin America & Caribbean	#53B400
#53B400	1971	44490	Latin America & Caribbean	#53B400
#53B400	1972	44328	Latin America & Caribbean	#53B400
#53B400	1973	44314	Latin America & Caribbean	#53B400
#53B400	1974	44327	Latin America & Caribbean	#53B400
#53B400	1975	44278	Latin America & Caribbean	#53B400
#F8766D	1970	14410403	East Asia & Pacific	#F8766D
#F8766D	1971	14812366	East Asia & Pacific	#F8766D
#F8766D	1972	15214618	East Asia & Pacific	#F8766D
#F8766D	1973	15603005	East Asia & Pacific	#F8766D
#F8766D	1974	15960131	East Asia & Pacific	#F8766D
#F8766D	1975	16274744	East Asia & Pacific	#F8766D
#F8766D	1970	31923000	East Asia & Pacific	#F8766D
#F8766D	1971	32595816	East Asia & Pacific	#F8766D
#F8766D	1972	33265648	East Asia & Pacific	#F8766D
#F8766D	1973	33934872	East Asia & Pacific	#F8766D
#F8766D	1974	34605864	East Asia & Pacific	#F8766D
#F8766D	1975	35281000	East Asia & Pacific	#F8766D
#C49A00	1970	1219000	Europe & Central Asia	#C49A00
#C49A00	1971	1247000	Europe & Central Asia	#C49A00
#C49A00	1972	1278000	Europe & Central Asia	#C49A00
#C49A00	1973	1308000	Europe & Central Asia	#C49A00
#C49A00	1974	1339000	Europe & Central Asia	#C49A00
#C49A00	1975	1369000	Europe & Central Asia	#C49A00
#00C094	1970	750423	Middle East & North Africa	#00C094
#00C094	1971	808277	Middle East & North Africa	#00C094
#00C094	1972	867326	Middle East & North Africa	#00C094
#00C094	1973	927403	Middle East & North Africa	#00C094
#00C094	1974	988328	Middle East & North Africa	#00C094
#00C094	1975	1049988	Middle East & North Africa	#00C094
#53B400	1970	9144	Latin America & Caribbean	#53B400
#53B400	1971	9583	Latin America & Caribbean	#53B400
#53B400	1972	10137	Latin America & Caribbean	#53B400
#53B400	1973	10785	Latin America & Caribbean	#53B400
#53B400	1974	11494	Latin America & Caribbean	#53B400
#53B400	1975	12238	Latin America & Caribbean	#53B400
#C49A00	1970	13109992	Europe & Central Asia	#C49A00
#C49A00	1971	13325342	Europe & Central Asia	#C49A00
#C49A00	1972	13540301	Europe & Central Asia	#C49A00
#C49A00	1973	13751019	Europe & Central Asia	#C49A00
#C49A00	1974	13950987	Europe & Central Asia	#C49A00
#C49A00	1975	14136006	Europe & Central Asia	#C49A00
#F8766D	1970	2685174	East Asia & Pacific	#F8766D
#F8766D	1971	2758694	East Asia & Pacific	#F8766D
#F8766D	1972	2836932	East Asia & Pacific	#F8766D
#F8766D	1973	2915019	East Asia & Pacific	#F8766D
#F8766D	1974	2986320	East Asia & Pacific	#F8766D
#F8766D	1975	3046549	East Asia & Pacific	#F8766D
#00C094	1970	2297403	Middle East & North Africa	#00C094
#00C094	1971	2353569	Middle East & North Africa	#00C094
#00C094	1972	2416743	Middle East & North Africa	#00C094
#00C094	1973	2480426	Middle East & North Africa	#00C094
#00C094	1974	2535503	Middle East & North Africa	#00C094
#00C094	1975	2575693	Middle East & North Africa	#00C094
#53B400	1970	104162	Latin America & Caribbean	#53B400
#53B400	1971	105389	Latin America & Caribbean	#53B400
#53B400	1972	106458	Latin America & Caribbean	#53B400
#53B400	1973	107461	Latin America & Caribbean	#53B400
#53B400	1974	108534	Latin America & Caribbean	#53B400
#53B400	1975	109770	Latin America & Caribbean	#53B400
#C49A00	1970	21266	Europe & Central Asia	#C49A00
#C49A00	1971	21726	Europe & Central Asia	#C49A00
#C49A00	1972	22153	Europe & Central Asia	#C49A00
#C49A00	1973	22562	Europe & Central Asia	#C49A00
#C49A00	1974	22984	Europe & Central Asia	#C49A00
#C49A00	1975	23435	Europe & Central Asia	#C49A00
#A58AFF	1970	12514000	South Asia	#A58AFF
#A58AFF	1971	12690000	South Asia	#A58AFF
#A58AFF	1972	12861000	South Asia	#A58AFF
#A58AFF	1973	13091000	South Asia	#A58AFF
#A58AFF	1974	13284000	South Asia	#A58AFF
#A58AFF	1975	13496000	South Asia	#A58AFF
#FB61D7	1970	1419728	Sub-Saharan Africa	#FB61D7
#FB61D7	1971	1457714	Sub-Saharan Africa	#FB61D7
#FB61D7	1972	1497356	Sub-Saharan Africa	#FB61D7
#FB61D7	1973	1538882	Sub-Saharan Africa	#FB61D7
#FB61D7	1974	1582584	Sub-Saharan Africa	#FB61D7
#FB61D7	1975	1628656	Sub-Saharan Africa	#FB61D7
#FB61D7	1970	1032240	Sub-Saharan Africa	#FB61D7
#FB61D7	1971	1053524	Sub-Saharan Africa	#FB61D7
#FB61D7	1972	1075281	Sub-Saharan Africa	#FB61D7
#FB61D7	1973	1098033	Sub-Saharan Africa	#FB61D7
#FB61D7	1974	1122484	Sub-Saharan Africa	#FB61D7
#FB61D7	1975	1149090	Sub-Saharan Africa	#FB61D7
#C49A00	1970	3139689	Europe & Central Asia	#C49A00
#C49A00	1971	3179041	Europe & Central Asia	#C49A00
#C49A00	1972	3213622	Europe & Central Asia	#C49A00
#C49A00	1973	3244438	Europe & Central Asia	#C49A00
#C49A00	1974	3273894	Europe & Central Asia	#C49A00
#C49A00	1975	3301652	Europe & Central Asia	#C49A00
#C49A00	1970	339171	Europe & Central Asia	#C49A00
#C49A00	1971	342421	Europe & Central Asia	#C49A00
#C49A00	1972	346600	Europe & Central Asia	#C49A00
#C49A00	1973	350450	Europe & Central Asia	#C49A00
#C49A00	1974	355050	Europe & Central Asia	#C49A00
#C49A00	1975	358950	Europe & Central Asia	#C49A00
#C49A00	1970	2359164	Europe & Central Asia	#C49A00
#C49A00	1971	2376389	Europe & Central Asia	#C49A00
#C49A00	1972	2395674	Europe & Central Asia	#C49A00
#C49A00	1973	2415819	Europe & Central Asia	#C49A00
#C49A00	1974	2437186	Europe & Central Asia	#C49A00
#C49A00	1975	2456130	Europe & Central Asia	#C49A00
#00C094	1970	2075651	Middle East & North Africa	#00C094
#00C094	1971	2159518	Middle East & North Africa	#00C094
#00C094	1972	2247280	Middle East & North Africa	#00C094
#00C094	1973	2338769	Middle East & North Africa	#00C094
#00C094	1974	2433719	Middle East & North Africa	#00C094
#00C094	1975	2531982	Middle East & North Africa	#00C094
#00C094	1970	15916387	Middle East & North Africa	#00C094
#00C094	1971	16266807	Middle East & North Africa	#00C094
#00C094	1972	16611970	Middle East & North Africa	#00C094
#00C094	1973	16958091	Middle East & North Africa	#00C094
#00C094	1974	17313732	Middle East & North Africa	#00C094
#00C094	1975	17685326	Middle East & North Africa	#00C094
#C49A00	1970	23484	Europe & Central Asia	#C49A00
#C49A00	1971	23722	Europe & Central Asia	#C49A00
#C49A00	1972	24052	Europe & Central Asia	#C49A00
#C49A00	1973	24440	Europe & Central Asia	#C49A00
#C49A00	1974	24835	Europe & Central Asia	#C49A00
#C49A00	1975	25201	Europe & Central Asia	#C49A00
#C49A00	1970	3045000	Europe & Central Asia	#C49A00
#C49A00	1971	3088000	Europe & Central Asia	#C49A00
#C49A00	1972	3132000	Europe & Central Asia	#C49A00
#C49A00	1973	3175000	Europe & Central Asia	#C49A00
#C49A00	1974	3215000	Europe & Central Asia	#C49A00
#C49A00	1975	3252000	Europe & Central Asia	#C49A00
#C49A00	1970	531555	Europe & Central Asia	#C49A00
#C49A00	1971	536185	Europe & Central Asia	#C49A00
#C49A00	1972	540724	Europe & Central Asia	#C49A00
#C49A00	1973	545254	Europe & Central Asia	#C49A00
#C49A00	1974	549882	Europe & Central Asia	#C49A00
#C49A00	1975	554670	Europe & Central Asia	#C49A00
#53B400	1970	5450	Latin America & Caribbean	#53B400
#53B400	1971	5601	Latin America & Caribbean	#53B400
#53B400	1972	5756	Latin America & Caribbean	#53B400
#53B400	1973	5915	Latin America & Caribbean	#53B400
#53B400	1974	6078	Latin America & Caribbean	#53B400
#53B400	1975	6291	Latin America & Caribbean	#53B400
#FB61D7	1970	6576301	Sub-Saharan Africa	#FB61D7
#FB61D7	1971	6760352	Sub-Saharan Africa	#FB61D7
#FB61D7	1972	6952383	Sub-Saharan Africa	#FB61D7
#FB61D7	1973	7152391	Sub-Saharan Africa	#FB61D7
#FB61D7	1974	7360271	Sub-Saharan Africa	#FB61D7
#FB61D7	1975	7575757	Sub-Saharan Africa	#FB61D7
#F8766D	1970	20397	East Asia & Pacific	#F8766D
#F8766D	1971	21310	East Asia & Pacific	#F8766D
#F8766D	1972	22340	East Asia & Pacific	#F8766D
#F8766D	1973	23440	East Asia & Pacific	#F8766D
#F8766D	1974	24536	East Asia & Pacific	#F8766D
#F8766D	1975	25580	East Asia & Pacific	#F8766D
#C49A00	1970	1691507	Europe & Central Asia	#C49A00
#C49A00	1971	1708662	Europe & Central Asia	#C49A00
#C49A00	1972	1723445	Europe & Central Asia	#C49A00
#C49A00	1973	1737547	Europe & Central Asia	#C49A00
#C49A00	1974	1753342	Europe & Central Asia	#C49A00
#C49A00	1975	1772405	Europe & Central Asia	#C49A00
#FB61D7	1970	5716294	Sub-Saharan Africa	#FB61D7
#FB61D7	1971	5801472	Sub-Saharan Africa	#FB61D7
#FB61D7	1972	5893113	Sub-Saharan Africa	#FB61D7
#FB61D7	1973	5989840	Sub-Saharan Africa	#FB61D7
#FB61D7	1974	6089644	Sub-Saharan Africa	#FB61D7
#FB61D7	1975	6191134	Sub-Saharan Africa	#FB61D7
#F8766D	1970	27166045	East Asia & Pacific	#F8766D
#F8766D	1971	27836624	East Asia & Pacific	#F8766D
#F8766D	1972	28517301	East Asia & Pacific	#F8766D
#F8766D	1973	29209751	East Asia & Pacific	#F8766D
#F8766D	1974	29916891	East Asia & Pacific	#F8766D
#F8766D	1975	30640635	East Asia & Pacific	#F8766D
#F8766D	1970	1278820	East Asia & Pacific	#F8766D
#F8766D	1971	1317044	East Asia & Pacific	#F8766D
#F8766D	1972	1356666	East Asia & Pacific	#F8766D
#F8766D	1973	1397302	East Asia & Pacific	#F8766D
#F8766D	1974	1438421	East Asia & Pacific	#F8766D
#F8766D	1975	1479648	East Asia & Pacific	#F8766D
#F8766D	1970	250997	East Asia & Pacific	#F8766D
#F8766D	1971	253881	East Asia & Pacific	#F8766D
#F8766D	1972	254282	East Asia & Pacific	#F8766D
#F8766D	1973	252845	East Asia & Pacific	#F8766D
#F8766D	1974	250550	East Asia & Pacific	#F8766D
#F8766D	1975	248213	East Asia & Pacific	#F8766D
#F8766D	1970	13203	East Asia & Pacific	#F8766D
#F8766D	1971	13658	East Asia & Pacific	#F8766D
#F8766D	1972	14142	East Asia & Pacific	#F8766D
#F8766D	1973	14605	East Asia & Pacific	#F8766D
#F8766D	1974	14978	East Asia & Pacific	#F8766D
#F8766D	1975	15232	East Asia & Pacific	#F8766D
#FB61D7	1970	1148936	Sub-Saharan Africa	#FB61D7
#FB61D7	1971	1182958	Sub-Saharan Africa	#FB61D7
#FB61D7	1972	1217914	Sub-Saharan Africa	#FB61D7
#FB61D7	1973	1253831	Sub-Saharan Africa	#FB61D7
#FB61D7	1974	1290741	Sub-Saharan Africa	#FB61D7
#FB61D7	1975	1328672	Sub-Saharan Africa	#FB61D7
#00C094	1970	302650	Middle East & North Africa	#00C094
#00C094	1971	302700	Middle East & North Africa	#00C094
#00C094	1972	302450	Middle East & North Africa	#00C094
#00C094	1973	302200	Middle East & North Africa	#00C094
#00C094	1974	301996	Middle East & North Africa	#00C094
#00C094	1975	304222	Middle East & North Africa	#00C094
#FB61D7	1970	826000	Sub-Saharan Africa	#FB61D7
#FB61D7	1971	839230.4	Sub-Saharan Africa	#FB61D7
#FB61D7	1972	852052.8	Sub-Saharan Africa	#FB61D7
#FB61D7	1973	864819.2	Sub-Saharan Africa	#FB61D7
#FB61D7	1974	878041.6	Sub-Saharan Africa	#FB61D7
#FB61D7	1975	892000	Sub-Saharan Africa	#FB61D7
#A58AFF	1970	114150	South Asia	#A58AFF
#A58AFF	1971	117664	South Asia	#A58AFF
#A58AFF	1972	121593	South Asia	#A58AFF
#A58AFF	1973	125780	South Asia	#A58AFF
#A58AFF	1974	129993	South Asia	#A58AFF
#A58AFF	1975	134077	South Asia	#A58AFF
#FB61D7	1970	4529749	Sub-Saharan Africa	#FB61D7
#FB61D7	1971	4666194	Sub-Saharan Africa	#FB61D7
#FB61D7	1972	4812216	Sub-Saharan Africa	#FB61D7
#FB61D7	1973	4967159	Sub-Saharan Africa	#FB61D7
#FB61D7	1974	5129915	Sub-Saharan Africa	#FB61D7
#FB61D7	1975	5299532	Sub-Saharan Africa	#FB61D7
#53B400	1970	52988138	Latin America & Caribbean	#53B400
#53B400	1971	54669034	Latin America & Caribbean	#53B400
#53B400	1972	56395803	Latin America & Caribbean	#53B400
#53B400	1973	58155590	Latin America & Caribbean	#53B400
#53B400	1974	59931341	Latin America & Caribbean	#53B400
#53B400	1975	61708369	Latin America & Caribbean	#53B400
#F8766D	1970	10908634	East Asia & Pacific	#F8766D
#F8766D	1971	11182078	East Asia & Pacific	#F8766D
#F8766D	1972	11460080	East Asia & Pacific	#F8766D
#F8766D	1973	11741849	East Asia & Pacific	#F8766D
#F8766D	1974	12025930	East Asia & Pacific	#F8766D
#F8766D	1975	12311782	East Asia & Pacific	#F8766D
#FB61D7	1970	9453375	Sub-Saharan Africa	#FB61D7
#FB61D7	1971	9665673	Sub-Saharan Africa	#FB61D7
#FB61D7	1972	9882718	Sub-Saharan Africa	#FB61D7
#FB61D7	1973	10109853	Sub-Saharan Africa	#FB61D7
#FB61D7	1974	10354300	Sub-Saharan Africa	#FB61D7
#FB61D7	1975	10620260	Sub-Saharan Africa	#FB61D7
#FB61D7	1970	780386	Sub-Saharan Africa	#FB61D7
#FB61D7	1971	804309	Sub-Saharan Africa	#FB61D7
#FB61D7	1972	829806	Sub-Saharan Africa	#FB61D7
#FB61D7	1973	855965	Sub-Saharan Africa	#FB61D7
#FB61D7	1974	881530	Sub-Saharan Africa	#FB61D7
#FB61D7	1975	905647	Sub-Saharan Africa	#FB61D7
#F8766D	1970	108000	East Asia & Pacific	#F8766D
#F8766D	1971	113610	East Asia & Pacific	#F8766D
#F8766D	1972	119138	East Asia & Pacific	#F8766D
#F8766D	1973	124330	East Asia & Pacific	#F8766D
#F8766D	1974	128994	East Asia & Pacific	#F8766D
#F8766D	1975	133000	East Asia & Pacific	#F8766D
#FB61D7	1970	4412638	Sub-Saharan Africa	#FB61D7
#FB61D7	1971	4537090	Sub-Saharan Africa	#FB61D7
#FB61D7	1972	4664739	Sub-Saharan Africa	#FB61D7
#FB61D7	1973	4795926	Sub-Saharan Africa	#FB61D7
#FB61D7	1974	4931095	Sub-Saharan Africa	#FB61D7
#FB61D7	1975	5070583	Sub-Saharan Africa	#FB61D7
#FB61D7	1970	56131845	Sub-Saharan Africa	#FB61D7
#FB61D7	1971	57453735	Sub-Saharan Africa	#FB61D7
#FB61D7	1972	58829321	Sub-Saharan Africa	#FB61D7
#FB61D7	1973	60285455	Sub-Saharan Africa	#FB61D7
#FB61D7	1974	61857025	Sub-Saharan Africa	#FB61D7
#FB61D7	1975	63565601	Sub-Saharan Africa	#FB61D7
#53B400	1970	2399677	Latin America & Caribbean	#53B400
#53B400	1971	2474312	Latin America & Caribbean	#53B400
#53B400	1972	2551425	Latin America & Caribbean	#53B400
#53B400	1973	2631065	Latin America & Caribbean	#53B400
#53B400	1974	2713287	Latin America & Caribbean	#53B400
#53B400	1975	2798048	Latin America & Caribbean	#53B400
#C49A00	1970	13038526	Europe & Central Asia	#C49A00
#C49A00	1971	13194497	Europe & Central Asia	#C49A00
#C49A00	1972	13328593	Europe & Central Asia	#C49A00
#C49A00	1973	13439322	Europe & Central Asia	#C49A00
#C49A00	1974	13545056	Europe & Central Asia	#C49A00
#C49A00	1975	13666335	Europe & Central Asia	#C49A00
#C49A00	1970	3875763	Europe & Central Asia	#C49A00
#C49A00	1971	3903039	Europe & Central Asia	#C49A00
#C49A00	1972	3933004	Europe & Central Asia	#C49A00
#C49A00	1973	3960612	Europe & Central Asia	#C49A00
#C49A00	1974	3985258	Europe & Central Asia	#C49A00
#C49A00	1975	4007313	Europe & Central Asia	#C49A00
#A58AFF	1970	11559455	South Asia	#A58AFF
#A58AFF	1971	11806296	South Asia	#A58AFF
#A58AFF	1972	12060891	South Asia	#A58AFF
#A58AFF	1973	12323203	South Asia	#A58AFF
#A58AFF	1974	12593223	South Asia	#A58AFF
#A58AFF	1975	12871016	South Asia	#A58AFF
#F8766D	1970	2810700	East Asia & Pacific	#F8766D
#F8766D	1971	2853000	East Asia & Pacific	#F8766D
#F8766D	1972	2903900	East Asia & Pacific	#F8766D
#F8766D	1973	2961300	East Asia & Pacific	#F8766D
#F8766D	1974	3023700	East Asia & Pacific	#F8766D
#F8766D	1975	3083100	East Asia & Pacific	#F8766D
#00C094	1970	723850	Middle East & North Africa	#00C094
#00C094	1971	748971	Middle East & North Africa	#00C094
#00C094	1972	776379	Middle East & North Africa	#00C094
#00C094	1973	806989	Middle East & North Africa	#00C094
#00C094	1974	841947	Middle East & North Africa	#00C094
#00C094	1975	882044	Middle East & North Africa	#00C094
#53B400	1970	1525683	Latin America & Caribbean	#53B400
#53B400	1971	1569879	Latin America & Caribbean	#53B400
#53B400	1972	1614985	Latin America & Caribbean	#53B400
#53B400	1973	1660811	Latin America & Caribbean	#53B400
#53B400	1974	1707114	Latin America & Caribbean	#53B400
#53B400	1975	1753706	Latin America & Caribbean	#53B400
#53B400	1970	13194548	Latin America & Caribbean	#53B400
#53B400	1971	13569097	Latin America & Caribbean	#53B400
#53B400	1972	13953601	Latin America & Caribbean	#53B400
#53B400	1973	14347881	Latin America & Caribbean	#53B400
#53B400	1974	14751618	Latin America & Caribbean	#53B400
#53B400	1975	15164288	Latin America & Caribbean	#53B400
#F8766D	1970	110496	East Asia & Pacific	#F8766D
#F8766D	1971	114311	East Asia & Pacific	#F8766D
#F8766D	1972	118279	East Asia & Pacific	#F8766D
#F8766D	1973	122355	East Asia & Pacific	#F8766D
#F8766D	1974	126483	East Asia & Pacific	#F8766D
#F8766D	1975	130619	East Asia & Pacific	#F8766D
#F8766D	1970	2434754	East Asia & Pacific	#F8766D
#F8766D	1971	2503073	East Asia & Pacific	#F8766D
#F8766D	1972	2576093	East Asia & Pacific	#F8766D
#F8766D	1973	2652585	East Asia & Pacific	#F8766D
#F8766D	1974	2730859	East Asia & Pacific	#F8766D
#F8766D	1975	2809692	East Asia & Pacific	#F8766D
#F8766D	1970	35805060	East Asia & Pacific	#F8766D
#F8766D	1971	36851591	East Asia & Pacific	#F8766D
#F8766D	1972	37926125	East Asia & Pacific	#F8766D
#F8766D	1973	39026975	East Asia & Pacific	#F8766D
#F8766D	1974	40150999	East Asia & Pacific	#F8766D
#F8766D	1975	41296295	East Asia & Pacific	#F8766D
#A58AFF	1970	59204212	South Asia	#A58AFF
#A58AFF	1971	60840513	South Asia	#A58AFF
#A58AFF	1972	62532284	South Asia	#A58AFF
#A58AFF	1973	64299241	South Asia	#A58AFF
#A58AFF	1974	66167072	South Asia	#A58AFF
#A58AFF	1975	68155252	South Asia	#A58AFF
#C49A00	1970	32664300	Europe & Central Asia	#C49A00
#C49A00	1971	32783500	Europe & Central Asia	#C49A00
#C49A00	1972	33055650	Europe & Central Asia	#C49A00
#C49A00	1973	33357200	Europe & Central Asia	#C49A00
#C49A00	1974	33678899	Europe & Central Asia	#C49A00
#C49A00	1975	34015199	Europe & Central Asia	#C49A00
#53B400	1970	2718000	Latin America & Caribbean	#53B400
#53B400	1971	2762190.4	Latin America & Caribbean	#53B400
#53B400	1972	2817256	Latin America & Caribbean	#53B400
#53B400	1973	2878785.6	Latin America & Caribbean	#53B400
#53B400	1974	2939299.2	Latin America & Caribbean	#53B400
#53B400	1975	2994000	Latin America & Caribbean	#53B400
#C49A00	1970	8680431	Europe & Central Asia	#C49A00
#C49A00	1971	8643756	Europe & Central Asia	#C49A00
#C49A00	1972	8630430	Europe & Central Asia	#C49A00
#C49A00	1973	8633100	Europe & Central Asia	#C49A00
#C49A00	1974	8754365	Europe & Central Asia	#C49A00
#C49A00	1975	9093470	Europe & Central Asia	#C49A00
#F8766D	1970	11481	East Asia & Pacific	#F8766D
#F8766D	1971	11656	East Asia & Pacific	#F8766D
#F8766D	1972	11853	East Asia & Pacific	#F8766D
#F8766D	1973	12045	East Asia & Pacific	#F8766D
#F8766D	1974	12195	East Asia & Pacific	#F8766D
#F8766D	1975	12280	East Asia & Pacific	#F8766D
#53B400	1970	2484736	Latin America & Caribbean	#53B400
#53B400	1971	2546729	Latin America & Caribbean	#53B400
#53B400	1972	2608887	Latin America & Caribbean	#53B400
#53B400	1973	2671997	Latin America & Caribbean	#53B400
#53B400	1974	2737152	Latin America & Caribbean	#53B400
#53B400	1975	2805232	Latin America & Caribbean	#53B400
#00C094	1970	109342	Middle East & North Africa	#00C094
#00C094	1971	119260	Middle East & North Africa	#00C094
#00C094	1972	130390	Middle East & North Africa	#00C094
#00C094	1973	142126	Middle East & North Africa	#00C094
#00C094	1974	153610	Middle East & North Africa	#00C094
#00C094	1975	164354	Middle East & North Africa	#00C094
#C49A00	1970	20250398	Europe & Central Asia	#C49A00
#C49A00	1971	20461567	Europe & Central Asia	#C49A00
#C49A00	1972	20657957	Europe & Central Asia	#C49A00
#C49A00	1973	20835681	Europe & Central Asia	#C49A00
#C49A00	1974	21029429	Europe & Central Asia	#C49A00
#C49A00	1975	21293583	Europe & Central Asia	#C49A00
#C49A00	1970	130404000	Europe & Central Asia	#C49A00
#C49A00	1971	131154511.334581	Europe & Central Asia	#C49A00
#C49A00	1972	131909342.070893	Europe & Central Asia	#C49A00
#C49A00	1973	132668517.068296	Europe & Central Asia	#C49A00
#C49A00	1974	133432061.329222	Europe & Central Asia	#C49A00
#C49A00	1975	134200000	Europe & Central Asia	#C49A00
#FB61D7	1970	3754546	Sub-Saharan Africa	#FB61D7
#FB61D7	1971	3868330	Sub-Saharan Africa	#FB61D7
#FB61D7	1972	3983659	Sub-Saharan Africa	#FB61D7
#FB61D7	1973	4102262	Sub-Saharan Africa	#FB61D7
#FB61D7	1974	4226773	Sub-Saharan Africa	#FB61D7
#FB61D7	1975	4359166	Sub-Saharan Africa	#FB61D7
#00C094	1970	5802967	Middle East & North Africa	#00C094
#00C094	1971	6059524	Middle East & North Africa	#00C094
#00C094	1972	6342159	Middle East & North Africa	#00C094
#00C094	1973	6654009	Middle East & North Africa	#00C094
#00C094	1974	6998359	Middle East & North Africa	#00C094
#00C094	1975	7377881	Middle East & North Africa	#00C094
#F8766D	1970	160292	East Asia & Pacific	#F8766D
#F8766D	1971	166214	East Asia & Pacific	#F8766D
#F8766D	1972	172599	East Asia & Pacific	#F8766D
#F8766D	1973	179354	East Asia & Pacific	#F8766D
#F8766D	1974	186338	East Asia & Pacific	#F8766D
#F8766D	1975	193447	East Asia & Pacific	#F8766D
#FB61D7	1970	53600	Sub-Saharan Africa	#FB61D7
#FB61D7	1971	54835.04	Sub-Saharan Africa	#FB61D7
#FB61D7	1972	56067.52	Sub-Saharan Africa	#FB61D7
#FB61D7	1973	57284	Sub-Saharan Africa	#FB61D7
#FB61D7	1974	58466.08	Sub-Saharan Africa	#FB61D7
#FB61D7	1975	59600	Sub-Saharan Africa	#FB61D7
#FB61D7	1970	10232758	Sub-Saharan Africa	#FB61D7
#FB61D7	1971	10568788	Sub-Saharan Africa	#FB61D7
#FB61D7	1972	10918137	Sub-Saharan Africa	#FB61D7
#FB61D7	1973	11283574	Sub-Saharan Africa	#FB61D7
#FB61D7	1974	11668674	Sub-Saharan Africa	#FB61D7
#FB61D7	1975	12075841	Sub-Saharan Africa	#FB61D7
#C49A00	1970	8042801	Europe & Central Asia	#C49A00
#C49A00	1971	8098334	Europe & Central Asia	#C49A00
#C49A00	1972	8122300	Europe & Central Asia	#C49A00
#C49A00	1973	8136312	Europe & Central Asia	#C49A00
#C49A00	1974	8159955	Europe & Central Asia	#C49A00
#C49A00	1975	8192437	Europe & Central Asia	#C49A00
#F8766D	1970	2075000	East Asia & Pacific	#F8766D
#F8766D	1971	2113000	East Asia & Pacific	#F8766D
#F8766D	1972	2152000	East Asia & Pacific	#F8766D
#F8766D	1973	2193000	East Asia & Pacific	#F8766D
#F8766D	1974	2230000	East Asia & Pacific	#F8766D
#F8766D	1975	2263000	East Asia & Pacific	#F8766D
#C49A00	1970	1724891	Europe & Central Asia	#C49A00
#C49A00	1971	1738335	Europe & Central Asia	#C49A00
#C49A00	1972	1752233	Europe & Central Asia	#C49A00
#C49A00	1973	1766697	Europe & Central Asia	#C49A00
#C49A00	1974	1776132	Europe & Central Asia	#C49A00
#C49A00	1975	1793581	Europe & Central Asia	#C49A00
#C49A00	1970	4538223	Europe & Central Asia	#C49A00
#C49A00	1971	4557449	Europe & Central Asia	#C49A00
#C49A00	1972	4596622	Europe & Central Asia	#C49A00
#C49A00	1973	4641445	Europe & Central Asia	#C49A00
#C49A00	1974	4689623	Europe & Central Asia	#C49A00
#C49A00	1975	4739105	Europe & Central Asia	#C49A00
#FB61D7	1970	2531874	Sub-Saharan Africa	#FB61D7
#FB61D7	1971	2583200	Sub-Saharan Africa	#FB61D7
#FB61D7	1972	2637861	Sub-Saharan Africa	#FB61D7
#FB61D7	1973	2695784	Sub-Saharan Africa	#FB61D7
#FB61D7	1974	2756810	Sub-Saharan Africa	#FB61D7
#FB61D7	1975	2820782	Sub-Saharan Africa	#FB61D7
#C49A00	1970	19136	Europe & Central Asia	#C49A00
#C49A00	1971	19299	Europe & Central Asia	#C49A00
#C49A00	1972	19394	Europe & Central Asia	#C49A00
#C49A00	1973	19464	Europe & Central Asia	#C49A00
#C49A00	1974	19563	Europe & Central Asia	#C49A00
#C49A00	1975	19732	Europe & Central Asia	#C49A00
#FB61D7	1970	4218056	Sub-Saharan Africa	#FB61D7
#FB61D7	1971	4348862	Sub-Saharan Africa	#FB61D7
#FB61D7	1972	4485775	Sub-Saharan Africa	#FB61D7
#FB61D7	1973	4625876	Sub-Saharan Africa	#FB61D7
#FB61D7	1974	4765169	Sub-Saharan Africa	#FB61D7
#FB61D7	1975	4901053	Sub-Saharan Africa	#FB61D7
#FB61D7	1970	3445420	Sub-Saharan Africa	#FB61D7
#FB61D7	1971	3477568	Sub-Saharan Africa	#FB61D7
#FB61D7	1972	3490295	Sub-Saharan Africa	#FB61D7
#FB61D7	1973	3526527	Sub-Saharan Africa	#FB61D7
#FB61D7	1974	3644572	Sub-Saharan Africa	#FB61D7
#FB61D7	1975	3880955	Sub-Saharan Africa	#FB61D7
#53B400	1970	372311	Latin America & Caribbean	#53B400
#53B400	1971	373785	Latin America & Caribbean	#53B400
#53B400	1972	372614	Latin America & Caribbean	#53B400
#53B400	1973	369777	Latin America & Caribbean	#53B400
#53B400	1974	366690	Latin America & Caribbean	#53B400
#53B400	1975	364402	Latin America & Caribbean	#53B400
#FB61D7	1970	3647097	Sub-Saharan Africa	#FB61D7
#FB61D7	1971	3733619	Sub-Saharan Africa	#FB61D7
#FB61D7	1972	3823781	Sub-Saharan Africa	#FB61D7
#FB61D7	1973	3917741	Sub-Saharan Africa	#FB61D7
#FB61D7	1974	4015666	Sub-Saharan Africa	#FB61D7
#FB61D7	1975	4117767	Sub-Saharan Africa	#FB61D7
#FB61D7	1970	74251	Sub-Saharan Africa	#FB61D7
#FB61D7	1971	75992	Sub-Saharan Africa	#FB61D7
#FB61D7	1972	77543	Sub-Saharan Africa	#FB61D7
#FB61D7	1973	79038	Sub-Saharan Africa	#FB61D7
#FB61D7	1974	80679	Sub-Saharan Africa	#FB61D7
#FB61D7	1975	82607	Sub-Saharan Africa	#FB61D7
#53B400	1970	3735620	Latin America & Caribbean	#53B400
#53B400	1971	3836433	Latin America & Caribbean	#53B400
#53B400	1972	3937583	Latin America & Caribbean	#53B400
#53B400	1973	4038088	Latin America & Caribbean	#53B400
#53B400	1974	4136679	Latin America & Caribbean	#53B400
#53B400	1975	4232375	Latin America & Caribbean	#53B400
#00C094	1970	6378802	Middle East & North Africa	#00C094
#00C094	1971	6599366	Middle East & North Africa	#00C094
#00C094	1972	6828765	Middle East & North Africa	#00C094
#00C094	1973	7066474	Middle East & North Africa	#00C094
#00C094	1974	7311685	Middle East & North Africa	#00C094
#00C094	1975	7564000	Middle East & North Africa	#00C094
#FB61D7	1970	445844	Sub-Saharan Africa	#FB61D7
#FB61D7	1971	458717	Sub-Saharan Africa	#FB61D7
#FB61D7	1972	472337	Sub-Saharan Africa	#FB61D7
#FB61D7	1973	486656	Sub-Saharan Africa	#FB61D7
#FB61D7	1974	501596	Sub-Saharan Africa	#FB61D7
#FB61D7	1975	517100	Sub-Saharan Africa	#FB61D7
#53B400	1970	5632	Latin America & Caribbean	#53B400
#53B400	1971	5750	Latin America & Caribbean	#53B400
#53B400	1972	5924	Latin America & Caribbean	#53B400
#53B400	1973	6132	Latin America & Caribbean	#53B400
#53B400	1974	6346	Latin America & Caribbean	#53B400
#53B400	1975	6546	Latin America & Caribbean	#53B400
#FB61D7	1970	3644911	Sub-Saharan Africa	#FB61D7
#FB61D7	1971	3727381	Sub-Saharan Africa	#FB61D7
#FB61D7	1972	3816295	Sub-Saharan Africa	#FB61D7
#FB61D7	1973	3908721	Sub-Saharan Africa	#FB61D7
#FB61D7	1974	4000505	Sub-Saharan Africa	#FB61D7
#FB61D7	1975	4088858	Sub-Saharan Africa	#FB61D7
#FB61D7	1970	2115521	Sub-Saharan Africa	#FB61D7
#FB61D7	1971	2185661	Sub-Saharan Africa	#FB61D7
#FB61D7	1972	2247575	Sub-Saharan Africa	#FB61D7
#FB61D7	1973	2303345	Sub-Saharan Africa	#FB61D7
#FB61D7	1974	2356623	Sub-Saharan Africa	#FB61D7
#FB61D7	1975	2410446	Sub-Saharan Africa	#FB61D7
#F8766D	1970	36878580	East Asia & Pacific	#F8766D
#F8766D	1971	37959301	East Asia & Pacific	#F8766D
#F8766D	1972	39057780	East Asia & Pacific	#F8766D
#F8766D	1973	40162277	East Asia & Pacific	#F8766D
#F8766D	1974	41257648	East Asia & Pacific	#F8766D
#F8766D	1975	42332566	East Asia & Pacific	#F8766D
#C49A00	1970	2919586	Europe & Central Asia	#C49A00
#C49A00	1971	3013956	Europe & Central Asia	#C49A00
#C49A00	1972	3112041	Europe & Central Asia	#C49A00
#C49A00	1973	3212446	Europe & Central Asia	#C49A00
#C49A00	1974	3313144	Europe & Central Asia	#C49A00
#C49A00	1975	3412819	Europe & Central Asia	#C49A00
#F8766D	1970	604392	East Asia & Pacific	#F8766D
#F8766D	1971	620138	East Asia & Pacific	#F8766D
#F8766D	1972	637603	East Asia & Pacific	#F8766D
#F8766D	1973	653367	East Asia & Pacific	#F8766D
#F8766D	1974	662803	East Asia & Pacific	#F8766D
#F8766D	1975	662981	East Asia & Pacific	#F8766D
#C49A00	1970	2188499	Europe & Central Asia	#C49A00
#C49A00	1971	2252386	Europe & Central Asia	#C49A00
#C49A00	1972	2318070	Europe & Central Asia	#C49A00
#C49A00	1973	2385039	Europe & Central Asia	#C49A00
#C49A00	1974	2452528	Europe & Central Asia	#C49A00
#C49A00	1975	2520002	Europe & Central Asia	#C49A00
#00C094	1970	5127000	Middle East & North Africa	#00C094
#00C094	1971	5208153.99796057	Middle East & North Africa	#00C094
#00C094	1972	5294324.88571644	Middle East & North Africa	#00C094
#00C094	1973	5388708.88571644	Middle East & North Africa	#00C094
#00C094	1974	5493721.99796057	Middle East & North Africa	#00C094
#00C094	1975	5611000	Middle East & North Africa	#00C094
#F8766D	1970	84370	East Asia & Pacific	#F8766D
#F8766D	1971	85520	East Asia & Pacific	#F8766D
#F8766D	1972	86349	East Asia & Pacific	#F8766D
#F8766D	1973	86985	East Asia & Pacific	#F8766D
#F8766D	1974	87609	East Asia & Pacific	#F8766D
#F8766D	1975	88347	East Asia & Pacific	#F8766D
#C49A00	1970	34772031	Europe & Central Asia	#C49A00
#C49A00	1971	35608079	Europe & Central Asia	#C49A00
#C49A00	1972	36475356	Europe & Central Asia	#C49A00
#C49A00	1973	37366922	Europe & Central Asia	#C49A00
#C49A00	1974	38272701	Europe & Central Asia	#C49A00
#C49A00	1975	39185637	Europe & Central Asia	#C49A00
#53B400	1970	945996	Latin America & Caribbean	#53B400
#53B400	1971	956364	Latin America & Caribbean	#53B400
#53B400	1972	968742	Latin America & Caribbean	#53B400
#53B400	1973	982594	Latin America & Caribbean	#53B400
#53B400	1974	997052	Latin America & Caribbean	#53B400
#53B400	1975	1011487	Latin America & Caribbean	#53B400
#F8766D	1970	7296	East Asia & Pacific	#F8766D
#F8766D	1971	7379	East Asia & Pacific	#F8766D
#F8766D	1972	7459	East Asia & Pacific	#F8766D
#F8766D	1973	7538	East Asia & Pacific	#F8766D
#F8766D	1974	7613	East Asia & Pacific	#F8766D
#F8766D	1975	7685	East Asia & Pacific	#F8766D
#FB61D7	1970	13604627	Sub-Saharan Africa	#FB61D7
#FB61D7	1971	14044585	Sub-Saharan Africa	#FB61D7
#FB61D7	1972	14504939	Sub-Saharan Africa	#FB61D7
#FB61D7	1973	14983047	Sub-Saharan Africa	#FB61D7
#FB61D7	1974	15475026	Sub-Saharan Africa	#FB61D7
#FB61D7	1975	15978207	Sub-Saharan Africa	#FB61D7
#C49A00	1970	47086954	Europe & Central Asia	#C49A00
#C49A00	1971	47433774	Europe & Central Asia	#C49A00
#C49A00	1972	47782683	Europe & Central Asia	#C49A00
#C49A00	1973	48126562	Europe & Central Asia	#C49A00
#C49A00	1974	48454371	Europe & Central Asia	#C49A00
#C49A00	1975	48758333	Europe & Central Asia	#C49A00
#FB61D7	1970	9446024	Sub-Saharan Africa	#FB61D7
#FB61D7	1971	9720388	Sub-Saharan Africa	#FB61D7
#FB61D7	1972	9988441	Sub-Saharan Africa	#FB61D7
#FB61D7	1973	10256553	Sub-Saharan Africa	#FB61D7
#FB61D7	1974	10533820	Sub-Saharan Africa	#FB61D7
#FB61D7	1975	10827097	Sub-Saharan Africa	#FB61D7
#00B6EB	1970	205052000	North America	#00B6EB
#00B6EB	1971	207661000	North America	#00B6EB
#00B6EB	1972	209896000	North America	#00B6EB
#00B6EB	1973	211909000	North America	#00B6EB
#00B6EB	1974	213854000	North America	#00B6EB
#00B6EB	1975	215973000	North America	#00B6EB
#53B400	1970	2809981	Latin America & Caribbean	#53B400
#53B400	1971	2818462	Latin America & Caribbean	#53B400
#53B400	1972	2821645	Latin America & Caribbean	#53B400
#53B400	1973	2822306	Latin America & Caribbean	#53B400
#53B400	1974	2824291	Latin America & Caribbean	#53B400
#53B400	1975	2830378	Latin America & Caribbean	#53B400
#C49A00	1970	11972994	Europe & Central Asia	#C49A00
#C49A00	1971	12356359	Europe & Central Asia	#C49A00
#C49A00	1972	12753995	Europe & Central Asia	#C49A00
#C49A00	1973	13161372	Europe & Central Asia	#C49A00
#C49A00	1974	13571927	Europe & Central Asia	#C49A00
#C49A00	1975	13980997	Europe & Central Asia	#C49A00
#53B400	1970	90457	Latin America & Caribbean	#53B400
#53B400	1971	91440	Latin America & Caribbean	#53B400
#53B400	1972	92465	Latin America & Caribbean	#53B400
#53B400	1973	93516	Latin America & Caribbean	#53B400
#53B400	1974	94572	Latin America & Caribbean	#53B400
#53B400	1975	95614	Latin America & Caribbean	#53B400
#53B400	1970	10724328	Latin America & Caribbean	#53B400
#53B400	1971	11093065	Latin America & Caribbean	#53B400
#53B400	1972	11478612	Latin America & Caribbean	#53B400
#53B400	1973	11881567	Latin America & Caribbean	#53B400
#53B400	1974	12302193	Latin America & Caribbean	#53B400
#53B400	1975	12739894	Latin America & Caribbean	#53B400
#53B400	1970	63000	Latin America & Caribbean	#53B400
#53B400	1971	71000	Latin America & Caribbean	#53B400
#53B400	1972	76000	Latin America & Caribbean	#53B400
#53B400	1973	84000	Latin America & Caribbean	#53B400
#53B400	1974	90000	Latin America & Caribbean	#53B400
#53B400	1975	94000	Latin America & Caribbean	#53B400
#F8766D	1970	42729000	East Asia & Pacific	#F8766D
#F8766D	1971	43724507.2	East Asia & Pacific	#F8766D
#F8766D	1972	44758083.2	East Asia & Pacific	#F8766D
#F8766D	1973	45824811.2	East Asia & Pacific	#F8766D
#F8766D	1974	46917619.2	East Asia & Pacific	#F8766D
#F8766D	1975	48030000	East Asia & Pacific	#F8766D
#F8766D	1970	85388	East Asia & Pacific	#F8766D
#F8766D	1971	88023	East Asia & Pacific	#F8766D
#F8766D	1972	90824	East Asia & Pacific	#F8766D
#F8766D	1973	93761	East Asia & Pacific	#F8766D
#F8766D	1974	96793	East Asia & Pacific	#F8766D
#F8766D	1975	99879	East Asia & Pacific	#F8766D
#F8766D	1970	143175	East Asia & Pacific	#F8766D
#F8766D	1971	145437	East Asia & Pacific	#F8766D
#F8766D	1972	147323	East Asia & Pacific	#F8766D
#F8766D	1973	148889	East Asia & Pacific	#F8766D
#F8766D	1974	150219	East Asia & Pacific	#F8766D
#F8766D	1975	151383	East Asia & Pacific	#F8766D
#00C094	1970	6096574	Middle East & North Africa	#00C094
#00C094	1971	6193897	Middle East & North Africa	#00C094
#00C094	1972	6290197	Middle East & North Africa	#00C094
#00C094	1973	6394922	Middle East & North Africa	#00C094
#00C094	1974	6520690	Middle East & North Africa	#00C094
#00C094	1975	6676714	Middle East & North Africa	#00C094
#FB61D7	1970	22087000	Sub-Saharan Africa	#FB61D7
#FB61D7	1971	22602372.672	Sub-Saharan Africa	#FB61D7
#FB61D7	1972	23126275.712	Sub-Saharan Africa	#FB61D7
#FB61D7	1973	23655907.712	Sub-Saharan Africa	#FB61D7
#FB61D7	1974	24189836.672	Sub-Saharan Africa	#FB61D7
#FB61D7	1975	24728000	Sub-Saharan Africa	#FB61D7
#FB61D7	1970	4191114	Sub-Saharan Africa	#FB61D7
#FB61D7	1971	4333234	Sub-Saharan Africa	#FB61D7
#FB61D7	1972	4482567	Sub-Saharan Africa	#FB61D7
#FB61D7	1973	4638227	Sub-Saharan Africa	#FB61D7
#FB61D7	1974	4798913	Sub-Saharan Africa	#FB61D7
#FB61D7	1975	4963655	Sub-Saharan Africa	#FB61D7
#FB61D7	1970	5206305	Sub-Saharan Africa	#FB61D7
#FB61D7	1971	5385328	Sub-Saharan Africa	#FB61D7
#FB61D7	1972	5573282	Sub-Saharan Africa	#FB61D7
#FB61D7	1973	5768337	Sub-Saharan Africa	#FB61D7
#FB61D7	1974	5967819	Sub-Saharan Africa	#FB61D7
#FB61D7	1975	6170266	Sub-Saharan Africa	#FB61D7
